study_hours,attendance,previous_score,assignments_completed,performance
1,45,38,2,Low
2,50,42,3,Low
2,55,48,4,Low
3,60,52,5,Medium
3,65,55,5,Medium
4,68,58,6,Medium
4,70,62,6,Medium
5,72,65,7,Medium
5,75,68,7,Medium
6,78,72,8,High
6,80,75,8,High
7,82,78,8,High
7,85,80,9,High
8,87,84,9,High
8,90,88,10,High
9,92,90,10,High
1,48,40,2,Low
2,52,45,3,Low
3,58,50,4,Low
4,64,57,5,Medium
5,70,63,6,Medium
6,76,70,7,High
7,81,77,8,High
8,88,85,9,High
2,57,46,3,Low
3,62,54,5,Medium
4,67,60,6,Medium
5,74,66,7,Medium
6,79,73,8,High
7,86,81,9,High
8,91,87,10,High
9,94,93,10,High
1,43,35,1,Low
2,54,44,3,Low
3,61,53,4,Medium
4,69,61,6,Medium
5,73,67,7,Medium
6,83,76,8,High
7,89,83,9,High
8,93,91,10,High
